JobTitle,Company,Location,PostDate,ExtractDate,Summary,Salary,JobUrl
Application Developer,Ascendas Technologies,"Kodungaiyur, Chennai, Tamil Nadu",NOT MENTIONED,2025-09-28,NOT MENTIONED,NOT MENTIONED,NOT MENTIONED
Senior Cloud Engineer,Kinaxis Inc.,"Perungudi, Chennai, Tamil Nadu",NOT MENTIONED,2025-09-28,NOT MENTIONED,NOT MENTIONED,NOT MENTIONED
Junior React Developer (0–2 Years),Lumel,"Chennai, Tamil Nadu",NOT MENTIONED,2025-09-28,NOT MENTIONED,NOT MENTIONED,NOT MENTIONED
junior software engineer,Quantra Technology Solutions Private Limited,"Chennai, Tamil Nadu",NOT MENTIONED,2025-09-28,NOT MENTIONED,NOT MENTIONED,NOT MENTIONED
Front End Web Developer,TNQ TECHNOLOGIES PRIVATE LIMITED,"Chennai, Tamil Nadu",NOT MENTIONED,2025-09-28,NOT MENTIONED,NOT MENTIONED,NOT MENTIONED
HTML Developer,Crest climber software solution pvt ltd,"Kodambakkam, Chennai, Tamil Nadu",NOT MENTIONED,2025-09-28,NOT MENTIONED,NOT MENTIONED,NOT MENTIONED
Software Designer,Ascendas Technologies,"Chennai, Tamil Nadu",NOT MENTIONED,2025-09-28,NOT MENTIONED,NOT MENTIONED,NOT MENTIONED
Junior Full Stack Developer (0–1 Year),RL Technologies Pvt Ltd,"Chennai, Tamil Nadu",NOT MENTIONED,2025-09-28,NOT MENTIONED,NOT MENTIONED,NOT MENTIONED
Backend Developer,rccenterprises,"Porur, Chennai, Tamil Nadu",NOT MENTIONED,2025-09-28,NOT MENTIONED,NOT MENTIONED,NOT MENTIONED
Full Stack Developer,Tridots Tech,"Porur, Chennai, Tamil Nadu",NOT MENTIONED,2025-09-28,NOT MENTIONED,NOT MENTIONED,NOT MENTIONED
Web Developer,Nexode Tech Private Limited,"Chengalpattu, Chennai, Tamil Nadu",NOT MENTIONED,2025-09-28,NOT MENTIONED,NOT MENTIONED,NOT MENTIONED
React developer,rccenterprises,"Nungambakkam, Chennai, Tamil Nadu",NOT MENTIONED,2025-09-28,NOT MENTIONED,NOT MENTIONED,NOT MENTIONED
Python Developer,rccenterprises,"Sholinganallur, Chennai, Tamil Nadu",NOT MENTIONED,2025-09-28,NOT MENTIONED,NOT MENTIONED,NOT MENTIONED
Web Developer,Supra Controls Private Limited,"Chennai, Tamil Nadu",NOT MENTIONED,2025-09-28,NOT MENTIONED,NOT MENTIONED,NOT MENTIONED
Full Stack Developer,RTH Infotech Pvt Ltd,"Velachery, Chennai, Tamil Nadu",NOT MENTIONED,2025-09-28,NOT MENTIONED,NOT MENTIONED,NOT MENTIONED
